NomeUsuario,NomeCompleto,OU
larissa.silva,Larissa Silva,ADM
fernanda.augusto,Fernada Augusto,VND
fernando.silva,Fernado Silva,ADM
elis.regina,Elis Regina,ADM
jorge.jesus,Jorge Jesus,ADM
isaias.gomes,Isaias Gomes,VND
patricia.ferreira,Patricia Ferreira,ADM
luiza.luz,Luiza Luz,VND
rodrigo.souza,Rodrigo Souza,VND
dante.vilar,Dante Vilar,ADM
william.rodrigues,William Rodrigues,ADM
paulo.fernandes,Paulo Fernandes,VND
fernando.rodrigo,Fernando Rodrigo,ADM
ana.braga,Ana Braga,VND
sara.ferreira,Sara Ferreira,ADM
joice.fernandes,Joice Fernandes,ADM
ester.souza,Ester Souza,VND